vacancy_name,min_salary,max_salary,currency,company_name,company_city,vacancy_link,website
Data-Scientist,,,,Weborama Russia,Москва,https://chelyabinsk.hh.ru/vacancy/83293320?from=vacancy_search_list&query=data+scientist,https://chelyabinsk.hh.ru
Lead AI Data Scientist,,8000,$,Compound Solutions SL,Алматы,https://chelyabinsk.hh.ru/vacancy/83296188?from=vacancy_search_list&query=data+scientist,https://chelyabinsk.hh.ru
Remote AI Data Scientist,1700,7000,€,Rearden Media Ltd.,Москва,https://chelyabinsk.hh.ru/vacancy/82280658?from=vacancy_search_list&query=data+scientist,https://chelyabinsk.hh.ru
Data Scientist / Python разработчик,,,,ЗАЗЕКС,Ростов-на-Дону,https://chelyabinsk.hh.ru/vacancy/78771412?from=vacancy_search_list&query=data+scientist,https://chelyabinsk.hh.ru
Remote AI Data Scientist,1700,7000,€,Rearden Media Ltd.,Алматы,https://chelyabinsk.hh.ru/vacancy/82280686?from=vacancy_search_list&query=data+scientist,https://chelyabinsk.hh.ru
Lead Data Scientist в R&D-команду логистики Маркета,400000,650000,₽,Яндекс,Москва,https://chelyabinsk.hh.ru/vacancy/83441997?from=vacancy_search_list&query=data+scientist,https://chelyabinsk.hh.ru
Data Scientist/Аналитик данных,120000,190000,₽,ГК СиДиСи (CDC),Москва,https://chelyabinsk.hh.ru/vacancy/81456987?from=vacancy_search_list&query=data+scientist,https://chelyabinsk.hh.ru
Data Scientist (Junior),,,,Газпромбанк,Москва,https://chelyabinsk.hh.ru/vacancy/83451191?from=vacancy_search_list&query=data+scientist,https://chelyabinsk.hh.ru
Data Scientist middle+/Senior,250000,380000,₽,ИП Мамаева Ирина Анатольевна,Москва,https://chelyabinsk.hh.ru/vacancy/82750408?from=vacancy_search_list&query=data+scientist,https://chelyabinsk.hh.ru
Lead Data Scientist в R&D-команду логистики Маркета,400000,650000,₽,Яндекс,Санкт-Петербург,https://chelyabinsk.hh.ru/vacancy/83442000?from=vacancy_search_list&query=data+scientist,https://chelyabinsk.hh.ru
Data Scientist,,320000,₽,Spice Agency,Москва,https://chelyabinsk.hh.ru/vacancy/83435724?from=vacancy_search_list&query=data+scientist,https://chelyabinsk.hh.ru
Lead Data Scientist в R&D-команду логистики Маркета,400000,650000,₽,Яндекс,Алматы,https://chelyabinsk.hh.ru/vacancy/83442004?from=vacancy_search_list&query=data+scientist,https://chelyabinsk.hh.ru
Data scientist (Антифрод),,,,Домклик,Москва,https://chelyabinsk.hh.ru/vacancy/81771371?from=vacancy_search_list&query=data+scientist,https://chelyabinsk.hh.ru
Data Scientist,60000,,₽,Дейта Инсайт,Армения,https://chelyabinsk.hh.ru/vacancy/83217470?from=vacancy_search_list&query=data+scientist,https://chelyabinsk.hh.ru
Data Analyst/Data Scientist,,,,"билайн: ИТ, Data, Digital",Москва,https://chelyabinsk.hh.ru/vacancy/83284986?from=vacancy_search_list&query=data+scientist,https://chelyabinsk.hh.ru
Remote AI Data Scientist,,7000,€,Rearden Media Ltd.,Армения,https://chelyabinsk.hh.ru/vacancy/82283439?from=vacancy_search_list&query=data+scientist,https://chelyabinsk.hh.ru
ML / NLP Engineer (Data Scientist),,,,ООО СиЭйИ Текнолоджи / CAE Technology,Минск,https://chelyabinsk.hh.ru/vacancy/83353655?from=vacancy_search_list&query=data+scientist,https://chelyabinsk.hh.ru
Data Scientist / ML Engineer (Middle+),180000,260000,₽,DIGINETICA,Санкт-Петербург,https://chelyabinsk.hh.ru/vacancy/81489621?from=vacancy_search_list&query=data+scientist,https://chelyabinsk.hh.ru
Data Scientist / ML Engineer (Middle+),180000,260000,₽,DIGINETICA,Екатеринбург,https://chelyabinsk.hh.ru/vacancy/81489623?from=vacancy_search_list&query=data+scientist,https://chelyabinsk.hh.ru
Data scientist,,,,Сбер. Data Science,Южно-Сахалинск,https://chelyabinsk.hh.ru/vacancy/83440171?from=vacancy_search_list&query=data+scientist,https://chelyabinsk.hh.ru
Data scientist (Оптимизация логистики),,,,Сбер для экспертов,Москва,https://chelyabinsk.hh.ru/vacancy/83453439?from=vacancy_search_list&query=data+scientist,https://chelyabinsk.hh.ru
Data Scientist,,,,Сбер. IT,Москва,https://chelyabinsk.hh.ru/vacancy/83436498?from=vacancy_search_list&query=data+scientist,https://chelyabinsk.hh.ru
"Data Scientist, Ранжирование поиска",,,,Ozon Информационные технологии,"Москва, Деловой центр и еще 2 ",https://chelyabinsk.hh.ru/vacancy/67411146?from=vacancy_search_list&query=data+scientist,https://chelyabinsk.hh.ru
Data Scientist,,,,ООО ГПМ Партнер,Москва,https://chelyabinsk.hh.ru/vacancy/83286591?from=vacancy_search_list&query=data+scientist,https://chelyabinsk.hh.ru
Data Analyst (Data Scientist),,,,Белитсофт интернешнл,"Минск, Тракторный завод",https://chelyabinsk.hh.ru/vacancy/83220968?from=vacancy_search_list&query=data+scientist,https://chelyabinsk.hh.ru
Data Scientist,,,,ПИК,Москва,https://chelyabinsk.hh.ru/vacancy/81868570?from=vacancy_search_list&query=data+scientist,https://chelyabinsk.hh.ru
Data Scientist NLP,,,,Сбер. IT,Москва,https://chelyabinsk.hh.ru/vacancy/83351440?from=vacancy_search_list&query=data+scientist,https://chelyabinsk.hh.ru
Lead Data Scientist,,470000,₽,Rubbles,Москва,https://chelyabinsk.hh.ru/vacancy/81856616?from=vacancy_search_list&query=data+scientist,https://chelyabinsk.hh.ru
Data Scientist Управления модельных рисков и валидации,,,,"ПАО ВТБ, Технологический блок",Москва,https://chelyabinsk.hh.ru/vacancy/83360750?from=vacancy_search_list&query=data+scientist,https://chelyabinsk.hh.ru
Senior Data Scientist,,,,ТОО Мобайл Телеком-Сервис (Объединенная Компания Tele2/ALTEL),Алматы,https://chelyabinsk.hh.ru/vacancy/83254957?from=vacancy_search_list&query=data+scientist,https://chelyabinsk.hh.ru
Data Scientist (NLP),,,,Сбер. IT,Москва,https://chelyabinsk.hh.ru/vacancy/79927092?from=vacancy_search_list&query=data+scientist,https://chelyabinsk.hh.ru
Middle Data scientist (Промо Прогноз),,,,"МАГНИТ, Розничная сеть",Краснодар,https://chelyabinsk.hh.ru/vacancy/78128781?from=vacancy_search_list&query=data+scientist,https://chelyabinsk.hh.ru
Data Scientist,,,,Лига Цифровой Экономики,"Москва, Савёловская и еще 2 ",https://chelyabinsk.hh.ru/vacancy/83274323?from=vacancy_search_list&query=data+scientist,https://chelyabinsk.hh.ru
Data Scientist в SberData,,,,Сбер для экспертов,Москва,https://chelyabinsk.hh.ru/vacancy/83448921?from=vacancy_search_list&query=data+scientist,https://chelyabinsk.hh.ru
Data scientist,,,,"билайн: ИТ, Data, Digital",Москва,https://chelyabinsk.hh.ru/vacancy/83209990?from=vacancy_search_list&query=data+scientist,https://chelyabinsk.hh.ru
Data Scientist,,,,"билайн: ИТ, Data, Digital",Москва,https://chelyabinsk.hh.ru/vacancy/82540302?from=vacancy_search_list&query=data+scientist,https://chelyabinsk.hh.ru
Data Scientist CVM,,,,АО Банк ЦентрКредит,Алматы,https://chelyabinsk.hh.ru/vacancy/81878002?from=vacancy_search_list&query=data+scientist,https://chelyabinsk.hh.ru
Data scientist NLP (middle),,,,ПАО Ростелеком,Москва,https://chelyabinsk.hh.ru/vacancy/83238281?from=vacancy_search_list&query=data+scientist,https://chelyabinsk.hh.ru
Data Scientist (Динамическое ценообразование),,,,Сбер для экспертов,Москва,https://chelyabinsk.hh.ru/vacancy/83288285?from=vacancy_search_list&query=data+scientist,https://chelyabinsk.hh.ru
Data Scientist (Middle\Middle+),,,,"билайн: ИТ, Data, Digital",Москва,https://chelyabinsk.hh.ru/vacancy/83073814?from=vacancy_search_list&query=data+scientist,https://chelyabinsk.hh.ru
Data Scientist (NLP),,,,ООО БиАйЭй-Технолоджиз,"Москва, Кутузовская",https://chelyabinsk.hh.ru/vacancy/80088766?from=vacancy_search_list&query=data+scientist,https://chelyabinsk.hh.ru
Middle+/Senior Data Scientist в Блок Финансы,,,,Сбер для экспертов,Москва,https://chelyabinsk.hh.ru/vacancy/83356757?from=vacancy_search_list&query=data+scientist,https://chelyabinsk.hh.ru
Data Scientist – Senior/Chief,,,,Сбер для экспертов,Москва,https://chelyabinsk.hh.ru/vacancy/83358213?from=vacancy_search_list&query=data+scientist,https://chelyabinsk.hh.ru
Junior/Middle Data Scientist,,,,Сбер для экспертов,Москва,https://chelyabinsk.hh.ru/vacancy/82785357?from=vacancy_search_list&query=data+scientist,https://chelyabinsk.hh.ru
Data Scientist (Middle),,,,ООО Строительный Двор,"Москва, Улица 1905 года",https://chelyabinsk.hh.ru/vacancy/81543934?from=vacancy_search_list&query=data+scientist,https://chelyabinsk.hh.ru
Data Scientist,,,,Газпромбанк,Москва,https://chelyabinsk.hh.ru/vacancy/81724946?from=vacancy_search_list&query=data+scientist,https://chelyabinsk.hh.ru
Data Scientist,,,,ПАО «Газпром нефть» ИТ,Санкт-Петербург,https://chelyabinsk.hh.ru/vacancy/83102957?from=vacancy_search_list&query=data+scientist,https://chelyabinsk.hh.ru
Senior Data Scientist,,,,ООО ДСЛАБ,"Москва, Новокузнецкая",https://chelyabinsk.hh.ru/vacancy/82633532?from=vacancy_search_list&query=data+scientist,https://chelyabinsk.hh.ru
Data Scientist в R&D-команду SupportAI,,,,Яндекс,Москва,https://chelyabinsk.hh.ru/vacancy/83084971?from=vacancy_search_list&query=data+scientist,https://chelyabinsk.hh.ru
"Data Scientist (NLP, NER)",,,,ФГБУ ЦСП ФМБА России,Москва,https://chelyabinsk.hh.ru/vacancy/83153729?from=vacancy_search_list&query=data+scientist,https://chelyabinsk.hh.ru
Lead data scientist (Анализ цены и Trade in),,,,Домклик,Москва,https://chelyabinsk.hh.ru/vacancy/76954383?from=vacancy_search_list&query=data+scientist,https://chelyabinsk.hh.ru
Data Scientist (NLP),,,,ООО БиАйЭй-Технолоджиз,"Санкт-Петербург, Фрунзенская",https://chelyabinsk.hh.ru/vacancy/83273463?from=vacancy_search_list&query=data+scientist,https://chelyabinsk.hh.ru
Middle Data Scientist,,,,ЗАО Группа компаний С7,"Москва, Кузнецкий мост и еще 2 ",https://chelyabinsk.hh.ru/vacancy/83181947?from=vacancy_search_list&query=data+scientist,https://chelyabinsk.hh.ru
Senior Data Scientist,,,,Click,Санкт-Петербург,https://chelyabinsk.hh.ru/vacancy/76829230?from=vacancy_search_list&query=data+scientist,https://chelyabinsk.hh.ru
Data Scientist,,,,Cloud.ru,"Москва, Улица 1905 года",https://chelyabinsk.hh.ru/vacancy/82918125?from=vacancy_search_list&query=data+scientist,https://chelyabinsk.hh.ru
Head Data Scientist,350000,,₽,ООО Сеть Партнерств,Москва,https://chelyabinsk.hh.ru/vacancy/82903246?from=vacancy_search_list&query=data+scientist,https://chelyabinsk.hh.ru
Data scientist в центр искусственного интеллекта,,,,Сбер. Data Science,Владивосток,https://chelyabinsk.hh.ru/vacancy/83001332?from=vacancy_search_list&query=data+scientist,https://chelyabinsk.hh.ru
Data Scientist (Senior),,,,Газпромбанк,Москва,https://chelyabinsk.hh.ru/vacancy/82734450?from=vacancy_search_list&query=data+scientist,https://chelyabinsk.hh.ru
Ведущий разработчик Data Scientist/ Team lead Data Scientist,,,,НОРБИТ,Санкт-Петербург,https://chelyabinsk.hh.ru/vacancy/83280889?from=vacancy_search_list&query=data+scientist,https://chelyabinsk.hh.ru
Middle+ Data Scientist,,,,Сбер для экспертов,Москва,https://chelyabinsk.hh.ru/vacancy/83357855?from=vacancy_search_list&query=data+scientist,https://chelyabinsk.hh.ru
Middle Data Scientist NLP (Маркетплейс),,,,Самокат (ООО Умное пространство),Москва,https://chelyabinsk.hh.ru/vacancy/82898956?from=vacancy_search_list&query=data+scientist,https://chelyabinsk.hh.ru
Data scientist (RnD в Центр валидации моделей КИБ),,,,Сбер. Data Science,"Москва, Кутузовская и еще 1 ",https://chelyabinsk.hh.ru/vacancy/82994350?from=vacancy_search_list&query=data+scientist,https://chelyabinsk.hh.ru
Data Scientist,,,,"Inventive Retail Group, Офис","Москва, Шелепиха и еще 1 ",https://chelyabinsk.hh.ru/vacancy/82841754?from=vacancy_search_list&query=data+scientist,https://chelyabinsk.hh.ru
Data Scientist,,,,INSITECH Development,Санкт-Петербург,https://chelyabinsk.hh.ru/vacancy/79304758?from=vacancy_search_list&query=data+scientist,https://chelyabinsk.hh.ru
Senior Data Scientist,,,,ПАО «Газпром нефть» ИТ,Санкт-Петербург,https://chelyabinsk.hh.ru/vacancy/80800495?from=vacancy_search_list&query=data+scientist,https://chelyabinsk.hh.ru
Инженер AI&ML (Data Scientist),,,,ООО СЕУСЛАБ,Пермь,https://chelyabinsk.hh.ru/vacancy/82179681?from=vacancy_search_list&query=data+scientist,https://chelyabinsk.hh.ru
Middle/Senior Data Scientist (Эмбеддинги),,,,"Иннотех, Группа компаний",Москва,https://chelyabinsk.hh.ru/vacancy/81524138?from=vacancy_search_list&query=data+scientist,https://chelyabinsk.hh.ru
Senior Data Scientist,,,,Сбер для экспертов,Москва,https://chelyabinsk.hh.ru/vacancy/83223312?from=vacancy_search_list&query=data+scientist,https://chelyabinsk.hh.ru
Senior Data Scientist (ChatGPT/Operations),,,,Ostrovok.ru,"Москва, Спортивная",https://chelyabinsk.hh.ru/vacancy/83165316?from=vacancy_search_list&query=data+scientist,https://chelyabinsk.hh.ru
Data scientist,,,,ПАО «Газпром нефть» ,Санкт-Петербург,https://chelyabinsk.hh.ru/vacancy/82675818?from=vacancy_search_list&query=data+scientist,https://chelyabinsk.hh.ru
Data Scientist,,,,Сбер. IT,Москва,https://chelyabinsk.hh.ru/vacancy/79404780?from=vacancy_search_list&query=data+scientist,https://chelyabinsk.hh.ru
Data Scientist,,,,Литрес,"Москва, Выставочная и еще 1 ",https://chelyabinsk.hh.ru/vacancy/82470787?from=vacancy_search_list&query=data+scientist,https://chelyabinsk.hh.ru
Data Scientist,,450000,₽,getmatch,Москва,https://chelyabinsk.hh.ru/vacancy/82107605?from=vacancy_search_list&query=data+scientist,https://chelyabinsk.hh.ru
Аналитик данных / Data Scientist (middle+),,,,Сибур,"Москва, Профсоюзная",https://chelyabinsk.hh.ru/vacancy/81311165?from=vacancy_search_list&query=data+scientist,https://chelyabinsk.hh.ru
Data Scientist,,,,ГАУ Города Москвы Центр цифровизации образования,"Москва, Улица 1905 года",https://chelyabinsk.hh.ru/vacancy/76461371?from=vacancy_search_list&query=data+scientist,https://chelyabinsk.hh.ru
Data Scientist middle/senior,,,,X5 Tech,Москва,https://chelyabinsk.hh.ru/vacancy/82893426?from=vacancy_search_list&query=data+scientist,https://chelyabinsk.hh.ru
Data scientist (Гео и графы),,,,Сбер для экспертов,Москва,https://chelyabinsk.hh.ru/vacancy/83098940?from=vacancy_search_list&query=data+scientist,https://chelyabinsk.hh.ru
Data Scientist (HR-модели),,,,Газпромбанк,Москва,https://chelyabinsk.hh.ru/vacancy/82347150?from=vacancy_search_list&query=data+scientist,https://chelyabinsk.hh.ru
Data Scientist,,,,Сбер. IT,Москва,https://chelyabinsk.hh.ru/vacancy/83047595?from=vacancy_search_list&query=data+scientist,https://chelyabinsk.hh.ru
Data Scientist (application-инженер),250000,400000,₽,Сбер. IT,Москва,https://chelyabinsk.hh.ru/vacancy/82104878?from=vacancy_search_list&query=data+scientist,https://chelyabinsk.hh.ru
Data Scientist в команду CVM AI,,,,Райффайзен Банк,Москва,https://chelyabinsk.hh.ru/vacancy/82435811?from=vacancy_search_list&query=data+scientist,https://chelyabinsk.hh.ru
Senior Data Scientist (ML разработчик),,,,Группа НЛМК ИТ и Диджитал,Москва,https://chelyabinsk.hh.ru/vacancy/82936981?from=vacancy_search_list&query=data+scientist,https://chelyabinsk.hh.ru
Lead Data Scientist,,,,INSITECH Development,Москва,https://chelyabinsk.hh.ru/vacancy/81326729?from=vacancy_search_list&query=data+scientist,https://chelyabinsk.hh.ru
Data scientist,,,,LC Group,"Новосибирск, Октябрьская",https://chelyabinsk.hh.ru/vacancy/78007068?from=vacancy_search_list&query=data+scientist,https://chelyabinsk.hh.ru
Team Lead Data Scientist,,,,Самокат (ООО Умное пространство),Москва,https://chelyabinsk.hh.ru/vacancy/82902908?from=vacancy_search_list&query=data+scientist,https://chelyabinsk.hh.ru
Data Scientist (риски),,,,ООО Бюро кредитных историй Скоринг Бюро,Москва,https://chelyabinsk.hh.ru/vacancy/82232163?from=vacancy_search_list&query=data+scientist,https://chelyabinsk.hh.ru
Data scientist/Machine learning engineer в команду CoreML,,,,"VK, ВКонтакте",Москва,https://chelyabinsk.hh.ru/vacancy/82305092?from=vacancy_search_list&query=data+scientist,https://chelyabinsk.hh.ru
NLP Data Scientist,,,,Сбер. Data Science,Москва,https://chelyabinsk.hh.ru/vacancy/79909326?from=vacancy_search_list&query=data+scientist,https://chelyabinsk.hh.ru
"Senior Consultant, Data Scientist, Technology Group",,,,ТОО KPMG,Алматы,https://chelyabinsk.hh.ru/vacancy/52581749?from=vacancy_search_list&query=data+scientist,https://chelyabinsk.hh.ru
Senior Data Scientist (Логистика),,,,Самокат (ООО Умное пространство),Москва,https://chelyabinsk.hh.ru/vacancy/81517107?from=vacancy_search_list&query=data+scientist,https://chelyabinsk.hh.ru
Data Scientist (Computer Vision),,,,ООО БиАйЭй-Технолоджиз,"Санкт-Петербург, Фрунзенская",https://chelyabinsk.hh.ru/vacancy/82567209?from=vacancy_search_list&query=data+scientist,https://chelyabinsk.hh.ru
Data scientist,,,,ООО UNITEL LLC,Ташкент,https://chelyabinsk.hh.ru/vacancy/81459076?from=vacancy_search_list&query=data+scientist,https://chelyabinsk.hh.ru
Data Scientist в отдел валидации,,,,«РОСБАНК»,Москва,https://chelyabinsk.hh.ru/vacancy/82674133?from=vacancy_search_list&query=data+scientist,https://chelyabinsk.hh.ru
Data Scientist,,,,Whoosh (ООО Вуш),Москва,https://chelyabinsk.hh.ru/vacancy/81057983?from=vacancy_search_list&query=data+scientist,https://chelyabinsk.hh.ru
Data Scientist (Pricing),,,,Lamoda Tech,"Москва, Полежаевская и еще 1 ",https://chelyabinsk.hh.ru/vacancy/82138061?from=vacancy_search_list&query=data+scientist,https://chelyabinsk.hh.ru
Data Scientist,,,,red_mad_robot,Москва,https://chelyabinsk.hh.ru/vacancy/81206057?from=vacancy_search_list&query=data+scientist,https://chelyabinsk.hh.ru
Senior Data Scientist,,,,Сбер. Data Science,Москва,https://chelyabinsk.hh.ru/vacancy/82701142?from=vacancy_search_list&query=data+scientist,https://chelyabinsk.hh.ru
Data Scientist,,,,LC Group,Новосибирск,https://chelyabinsk.hh.ru/vacancy/77860633?from=vacancy_search_list&query=data+scientist,https://chelyabinsk.hh.ru
Разработчик-исследователь / Data Scientist в Data Office,,,,"VK, ВКонтакте",Санкт-Петербург,https://chelyabinsk.hh.ru/vacancy/82636334?from=vacancy_search_list&query=data+scientist,https://chelyabinsk.hh.ru
Data Scientist (Синтез речи),,,,ООО АБК,Москва,https://chelyabinsk.hh.ru/vacancy/76391976?from=vacancy_search_list&query=data+scientist,https://chelyabinsk.hh.ru
Data Scientist (NLP),,,,Газпромбанк,Москва,https://chelyabinsk.hh.ru/vacancy/82133385?from=vacancy_search_list&query=data+scientist,https://chelyabinsk.hh.ru
Senior Data Scientist,,,,Сбер для экспертов,Москва,https://chelyabinsk.hh.ru/vacancy/82432479?from=vacancy_search_list&query=data+scientist,https://chelyabinsk.hh.ru
Data Scientist middle+/senior (Транскодинг),,,,Okko,"Москва, Баррикадная и еще 2 ",https://chelyabinsk.hh.ru/vacancy/80975800?from=vacancy_search_list&query=data+scientist,https://chelyabinsk.hh.ru
Middle Data Scientist Модели CRM,,,,"Иннотех, Группа компаний",Москва,https://chelyabinsk.hh.ru/vacancy/82163809?from=vacancy_search_list&query=data+scientist,https://chelyabinsk.hh.ru
Senior Data Scientist,,,,Сбер. IT,Москва,https://chelyabinsk.hh.ru/vacancy/82245032?from=vacancy_search_list&query=data+scientist,https://chelyabinsk.hh.ru
Senior Data Scientist (Ads Platform),,,,Lamoda Tech,Москва,https://chelyabinsk.hh.ru/vacancy/80660744?from=vacancy_search_list&query=data+scientist,https://chelyabinsk.hh.ru
Senior NLP Data Scientist/Developer,,,,Техниксофт,Минск,https://chelyabinsk.hh.ru/vacancy/82449088?from=vacancy_search_list&query=data+scientist,https://chelyabinsk.hh.ru
Data Analyst,,,,Сбер. IT,Москва,https://chelyabinsk.hh.ru/vacancy/81971249?from=vacancy_search_list&query=data+scientist,https://chelyabinsk.hh.ru
Data Analyst (DA)/Data Engineer(DE),,,,Сбер. IT,Москва,https://chelyabinsk.hh.ru/vacancy/83239666?from=vacancy_search_list&query=data+scientist,https://chelyabinsk.hh.ru
Middle Data Scientist,120000,250000,₽,ООО Автомакон,Москва,https://chelyabinsk.hh.ru/vacancy/82977137?from=vacancy_search_list&query=data+scientist,https://chelyabinsk.hh.ru
Data Scientist (Реклама и Медиа),,,,"VK, Рекламные технологии",Москва,https://chelyabinsk.hh.ru/vacancy/83455292?from=vacancy_search_list&query=data+scientist,https://chelyabinsk.hh.ru
Data Scientist (ChatGPT и Copilot) MTS AI,,,,ПАО «МТС» ,Москва,https://chelyabinsk.hh.ru/vacancy/82205395?from=vacancy_search_list&query=data+scientist,https://chelyabinsk.hh.ru
Cпециалист по работе с данными (Data Scientist),,,,ООО Открытый код,"Самара, Алабинская",https://chelyabinsk.hh.ru/vacancy/79167028?from=vacancy_search_list&query=data+scientist,https://chelyabinsk.hh.ru
Data Scientist,,,,Газпромбанк,Москва,https://chelyabinsk.hh.ru/vacancy/82848765?from=vacancy_search_list&query=data+scientist,https://chelyabinsk.hh.ru
Стажер Data scientist,,,,Сбер. IT,"Москва, Кутузовская и еще 1 ",https://chelyabinsk.hh.ru/vacancy/82823298?from=vacancy_search_list&query=data+scientist,https://chelyabinsk.hh.ru
"Data Scientist, Маркетплейс, Антибот",,,,Ozon Информационные технологии,"Москва, Выставочная и еще 2 ",https://chelyabinsk.hh.ru/vacancy/82923962?from=vacancy_search_list&query=data+scientist,https://chelyabinsk.hh.ru
Data Scientist (Хаб юр.лиц),,,, Альфа-Банк,"Москва, Технопарк",https://chelyabinsk.hh.ru/vacancy/82921710?from=vacancy_search_list&query=data+scientist,https://chelyabinsk.hh.ru
Data Analyst / Data Scientist (Junior/Junior+),,,,Kept (Кэпт),Санкт-Петербург,https://chelyabinsk.hh.ru/vacancy/82331776?from=vacancy_search_list&query=data+scientist,https://chelyabinsk.hh.ru
Data Analyst / Data Scientist (Junior/Junior+),,,,Kept (Кэпт),Москва,https://chelyabinsk.hh.ru/vacancy/82331777?from=vacancy_search_list&query=data+scientist,https://chelyabinsk.hh.ru
Data Scientist / ML-инженер,,,,Медиалогия,"Москва, Дмитровская",https://chelyabinsk.hh.ru/vacancy/82826539?from=vacancy_search_list&query=data+scientist,https://chelyabinsk.hh.ru
Портфельный риск-аналитик / Middle Data Scientist (модели кредитного риска),,,,ООО Элемент Лизинг,"Москва, Кутузовская и еще 1 ",https://chelyabinsk.hh.ru/vacancy/82421077?from=vacancy_search_list&query=data+scientist,https://chelyabinsk.hh.ru
Data Engineer (Middle),,300000,₽,Rubbles,Москва,https://chelyabinsk.hh.ru/vacancy/83411747?from=vacancy_search_list&query=data+scientist,https://chelyabinsk.hh.ru
Младший аналитик,60000,80000,₽,ООО Программная Палата,Санкт-Петербург,https://chelyabinsk.hh.ru/vacancy/83447696?from=vacancy_search_list&query=data+scientist,https://chelyabinsk.hh.ru
Математик-Программист / Applied Scientist,,,,ООО Пиклема,"Москва, Каланчёвская и еще 2 ",https://chelyabinsk.hh.ru/vacancy/83412446?from=vacancy_search_list&query=data+scientist,https://chelyabinsk.hh.ru
Client Consultant (FMCG sector),,,,NielsenIQ,Москва,https://chelyabinsk.hh.ru/vacancy/79421796?from=vacancy_search_list&query=data+scientist,https://chelyabinsk.hh.ru
Senior Medical Advisor/Senior Medical Science Liaison,,,,VIATRIS,"Москва, Сокол",https://chelyabinsk.hh.ru/vacancy/83096288?from=vacancy_search_list&query=data+scientist,https://chelyabinsk.hh.ru
Инженер-программист,,,,АО ВАЗСИСТЕМ,Тольятти,https://chelyabinsk.hh.ru/vacancy/82966575?from=vacancy_search_list&query=data+scientist,https://chelyabinsk.hh.ru
Исследователь/Research Scientist (Computer Science),,,,Криптонит,"Москва, Павелецкая и еще 1 ",https://chelyabinsk.hh.ru/vacancy/76662887?from=vacancy_search_list&query=data+scientist,https://chelyabinsk.hh.ru
IT рекрутер,,,,Unity in Development,"Екатеринбург, Ботаническая и еще 2 ",https://chelyabinsk.hh.ru/vacancy/83169214?from=vacancy_search_list&query=data+scientist,https://chelyabinsk.hh.ru
Senior Machine Learning Engineer,4500,,€,Ventra IT Solutions,Москва,https://chelyabinsk.hh.ru/vacancy/83385149?from=vacancy_search_list&query=data+scientist,https://chelyabinsk.hh.ru
Аналитик данных/Специалист по машинному обучению (Junior),50000,,₽,"Альтера, интернет-агентство","Санкт-Петербург, Василеостровская",https://chelyabinsk.hh.ru/vacancy/83401869?from=vacancy_search_list&query=data+scientist,https://chelyabinsk.hh.ru
IT Рекрутер,,,,ООО Региональная Энергетическая Компания,"Москва, Киевская и еще 2 ",https://chelyabinsk.hh.ru/vacancy/83230919?from=vacancy_search_list&query=data+scientist,https://chelyabinsk.hh.ru
"Старший разработчик Java, Верхний поиск",,,,Ozon Информационные технологии,Москва,https://chelyabinsk.hh.ru/vacancy/82309088?from=vacancy_search_list&query=data+scientist,https://chelyabinsk.hh.ru
Data-аналитик,,,,НИИ Восход,"Москва, Мичуринский проспект и еще 3 ",https://chelyabinsk.hh.ru/vacancy/81843695?from=vacancy_search_list&query=data+scientist,https://chelyabinsk.hh.ru
Аналитик данных отдела исследований клиентского опыта,,,,"ПАО ВТБ, Подразделения Поддержки и Контроля","Москва, Выставочная и еще 2 ",https://chelyabinsk.hh.ru/vacancy/78181417?from=vacancy_search_list&query=data+scientist,https://chelyabinsk.hh.ru
Data Scientist Управления модельных рисков и валидации,,,,"ПАО ВТБ, Технологический блок",Самара,https://chelyabinsk.hh.ru/vacancy/83376381?from=vacancy_search_list&query=data+scientist,https://chelyabinsk.hh.ru
Digital Manager,,,,Abbott Laboratories,"Москва, Войковская",https://chelyabinsk.hh.ru/vacancy/83431115?from=vacancy_search_list&query=data+scientist,https://chelyabinsk.hh.ru
Middle Data Scientist / Аналитик данных,,,,АО Технологии ОФС,Новосибирск,https://chelyabinsk.hh.ru/vacancy/83367484?from=vacancy_search_list&query=data+scientist,https://chelyabinsk.hh.ru
Менеджер по продажам курсов в сфере IT и Digital в Synergy Academy,70000,100000,₽,СИНЕРГИЯ,"Москва, Сокол",https://chelyabinsk.hh.ru/vacancy/80211386?from=vacancy_search_list&query=data+scientist,https://chelyabinsk.hh.ru
Data Engineer в команду Operational DWH,,,,Райффайзен Банк,Москва,https://chelyabinsk.hh.ru/vacancy/83387955?from=vacancy_search_list&query=data+scientist,https://chelyabinsk.hh.ru
Midde Data Scientist (команда Персонализации коммуникаций от потребности клиента),,,,Сбер для экспертов,Москва,https://chelyabinsk.hh.ru/vacancy/83238611?from=vacancy_search_list&query=data+scientist,https://chelyabinsk.hh.ru
Бизнес-аналитик (Кредитование ЮЛ),240000,280000,₽,Outlines Technologies,Москва,https://chelyabinsk.hh.ru/vacancy/83124850?from=vacancy_search_list&query=data+scientist,https://chelyabinsk.hh.ru
Senior Data Scientist/Machine Learning Engineer (СV/NLP/Audio),,,,ООО ЕСН,Москва,https://chelyabinsk.hh.ru/vacancy/81868771?from=vacancy_search_list&query=data+scientist,https://chelyabinsk.hh.ru
Senior Data Scientist / Machine Learning Engineer (Audio),,,,ООО ЕСН,Москва,https://chelyabinsk.hh.ru/vacancy/81868724?from=vacancy_search_list&query=data+scientist,https://chelyabinsk.hh.ru
Senior/Lead Data Scientist,,,,Сбер для экспертов,Москва,https://chelyabinsk.hh.ru/vacancy/83213672?from=vacancy_search_list&query=data+scientist,https://chelyabinsk.hh.ru
Senior NLP Data Scientist (команда SberCare.Боты),,,,Сбер для экспертов,Москва,https://chelyabinsk.hh.ru/vacancy/83213511?from=vacancy_search_list&query=data+scientist,https://chelyabinsk.hh.ru
Junior Data Scientist (сопровождение процесса разработки и использования моделей),,,,"ПАО ВТБ, Подразделения Поддержки и Контроля",Москва,https://chelyabinsk.hh.ru/vacancy/77907673?from=vacancy_search_list&query=data+scientist,https://chelyabinsk.hh.ru
Data Scientist (сопровождение процесса разработки и использования моделей),,,,"ПАО ВТБ, Подразделения Поддержки и Контроля",Москва,https://chelyabinsk.hh.ru/vacancy/70903553?from=vacancy_search_list&query=data+scientist,https://chelyabinsk.hh.ru
Investigation Analyst,1000,2000,$,Inca Digital,Санкт-Петербург,https://chelyabinsk.hh.ru/vacancy/82984473?from=vacancy_search_list&query=data+scientist,https://chelyabinsk.hh.ru
Product Owner (marketing platform),,,,ТОО Мобайл Телеком-Сервис (Объединенная Компания Tele2/ALTEL),Алматы,https://chelyabinsk.hh.ru/vacancy/83254869?from=vacancy_search_list&query=data+scientist,https://chelyabinsk.hh.ru
Data Engineer,,,,Циан,Москва,https://chelyabinsk.hh.ru/vacancy/83222207?from=vacancy_search_list&query=data+scientist,https://chelyabinsk.hh.ru
Data engineer,,,,«РОСБАНК»,Москва,https://chelyabinsk.hh.ru/vacancy/81963963?from=vacancy_search_list&query=data+scientist,https://chelyabinsk.hh.ru
"Ведущий бизнес аналитик, кредитный проект",,,,AWG,Москва,https://chelyabinsk.hh.ru/vacancy/83267777?from=vacancy_search_list&query=data+scientist,https://chelyabinsk.hh.ru
Управляющий директор \ Data Scientist (Сопровождение процесса разработки и использования моделей),,,,"ПАО ВТБ, Подразделения Поддержки и Контроля",Москва,https://chelyabinsk.hh.ru/vacancy/78465611?from=vacancy_search_list&query=data+scientist,https://chelyabinsk.hh.ru
Старший менеджер продукта (Supply / Demand баланс),,,,СберМаркет,Москва,https://chelyabinsk.hh.ru/vacancy/83245542?from=vacancy_search_list&query=data+scientist,https://chelyabinsk.hh.ru
Системный аналитик (Супермаркет Данных),,,,Сбер для экспертов,Москва,https://chelyabinsk.hh.ru/vacancy/83217488?from=vacancy_search_list&query=data+scientist,https://chelyabinsk.hh.ru
"Старший бизнес/системный аналитик, управление рисками малого и среднего бизнеса",,,,AWG,Москва,https://chelyabinsk.hh.ru/vacancy/83196573?from=vacancy_search_list&query=data+scientist,https://chelyabinsk.hh.ru
Senior Data Scientist в направление продвинутой аналитики домена Operations,,,,Райффайзен Банк,Москва,https://chelyabinsk.hh.ru/vacancy/83138128?from=vacancy_search_list&query=data+scientist,https://chelyabinsk.hh.ru
Data Engineer,,,,Газпромбанк,"Москва, Добрынинская",https://chelyabinsk.hh.ru/vacancy/83140463?from=vacancy_search_list&query=data+scientist,https://chelyabinsk.hh.ru
Quant / Data Scientist (Руководитель направления Управление рисками),,,,АО ДОМ.РФ,Москва,https://chelyabinsk.hh.ru/vacancy/72740316?from=vacancy_search_list&query=data+scientist,https://chelyabinsk.hh.ru
Senior DS Computer Vision engineer,,,,Группа НЛМК ИТ и Диджитал,Москва,https://chelyabinsk.hh.ru/vacancy/82893959?from=vacancy_search_list&query=data+scientist,https://chelyabinsk.hh.ru
Technical product manager в риск-технологии,,,,Тинькофф,Москва,https://chelyabinsk.hh.ru/vacancy/82957220?from=vacancy_search_list&query=data+scientist,https://chelyabinsk.hh.ru
Data Scientist (digital marketing),,,,ООО AUXO (Атос АйТи Солюшенс энд Сервисез),Москва,https://chelyabinsk.hh.ru/vacancy/78851235?from=vacancy_search_list&query=data+scientist,https://chelyabinsk.hh.ru
Системный аналитик,,,,Сбер. IT,Самара,https://chelyabinsk.hh.ru/vacancy/81558859?from=vacancy_search_list&query=data+scientist,https://chelyabinsk.hh.ru
Senior Data Scientist (модели кредитного риска),,,,Альфа-Банк. Digital & IT,"Москва, Технопарк",https://chelyabinsk.hh.ru/vacancy/82844304?from=vacancy_search_list&query=data+scientist,https://chelyabinsk.hh.ru
Data scientist (Валидатор моделей банковской и торговой книг),,,,Сбер. Data Science,"Москва, Кутузовская и еще 1 ",https://chelyabinsk.hh.ru/vacancy/82844350?from=vacancy_search_list&query=data+scientist,https://chelyabinsk.hh.ru
Бизнес-аналитик (Data Science направление),,,,red_mad_robot,Москва,https://chelyabinsk.hh.ru/vacancy/82831825?from=vacancy_search_list&query=data+scientist,https://chelyabinsk.hh.ru
Data Scientist Управления модельных рисков и валидации,,,,"ПАО ВТБ, Технологический блок",Новосибирск,https://chelyabinsk.hh.ru/vacancy/79715865?from=vacancy_search_list&query=data+scientist,https://chelyabinsk.hh.ru
Senior Python backend developer (ComplexML),,,,Cloud.ru,Москва,https://chelyabinsk.hh.ru/vacancy/71225952?from=vacancy_search_list&query=data+scientist,https://chelyabinsk.hh.ru
ML-инженер (Кредитный скоринг),180000,,₽,ООО Займиго МФК,"Москва, Курская и еще 1 ",https://chelyabinsk.hh.ru/vacancy/82775838?from=vacancy_search_list&query=data+scientist,https://chelyabinsk.hh.ru
Скоринг-аналитик / Data scientist / Аналитик (скоринг),,,,Займ-Экспресс,"Москва, Краснопресненская и еще 1 ",https://chelyabinsk.hh.ru/vacancy/79402148?from=vacancy_search_list&query=data+scientist,https://chelyabinsk.hh.ru
Data scientist/ Эконометрист/ Price - аналитик,,,,ООО Петровакс Фарм,"Москва, Деловой центр и еще 2 ",https://chelyabinsk.hh.ru/vacancy/79095440?from=vacancy_search_list&query=data+scientist,https://chelyabinsk.hh.ru
Junior Data scientist (Валидатор моделей банковской и торговой книг),,,,Сбер. Data Science,"Москва, Кутузовская и еще 1 ",https://chelyabinsk.hh.ru/vacancy/82643522?from=vacancy_search_list&query=data+scientist,https://chelyabinsk.hh.ru
Инженер данных,,,,Центр финансовых технологий,Санкт-Петербург,https://chelyabinsk.hh.ru/vacancy/73740883?from=vacancy_search_list&query=data+scientist,https://chelyabinsk.hh.ru
Инженер данных,,,,Центр финансовых технологий,Новосибирск,https://chelyabinsk.hh.ru/vacancy/73740887?from=vacancy_search_list&query=data+scientist,https://chelyabinsk.hh.ru
Data Engineer (Рекламные технологии),,,,VK,"Москва, Аэропорт",https://chelyabinsk.hh.ru/vacancy/82676276?from=vacancy_search_list&query=data+scientist,https://chelyabinsk.hh.ru
Аналитик данных / Data Scientist Службы риск-менеджмента и кредитных рисков,,,,"ООО Кубань Кредит, КБ",Краснодар,https://chelyabinsk.hh.ru/vacancy/80248262?from=vacancy_search_list&query=data+scientist,https://chelyabinsk.hh.ru
Инженер данных / Data Engineer,,,,Сибур,"Москва, Профсоюзная",https://chelyabinsk.hh.ru/vacancy/82652148?from=vacancy_search_list&query=data+scientist,https://chelyabinsk.hh.ru
Manager / Senior Manager to Data & Analytics department,,,,PricewaterhouseCoopers,Алматы,https://chelyabinsk.hh.ru/vacancy/82489414?from=vacancy_search_list&query=data+scientist,https://chelyabinsk.hh.ru
Руководитель проекта (Дата проекта),,,,ПАО «Газпром нефть» ,Санкт-Петербург,https://chelyabinsk.hh.ru/vacancy/82674668?from=vacancy_search_list&query=data+scientist,https://chelyabinsk.hh.ru
Аналитик скоринга / Data Scientist,,,,МигКредит,Москва,https://chelyabinsk.hh.ru/vacancy/82118041?from=vacancy_search_list&query=data+scientist,https://chelyabinsk.hh.ru
Data Engineer направления разработки витрин данных,,,,"Иннотех, Группа компаний",Москва,https://chelyabinsk.hh.ru/vacancy/78843112?from=vacancy_search_list&query=data+scientist,https://chelyabinsk.hh.ru
Старший ML-инженер (Кредитный скоринг),250000,,₽,ООО Займиго МФК,"Москва, Курская и еще 1 ",https://chelyabinsk.hh.ru/vacancy/82192275?from=vacancy_search_list&query=data+scientist,https://chelyabinsk.hh.ru
Data Scientist (Центр валидации моделей сервисных блоков и экосистемы),,,,Сбер. Data Science,"Москва, Кутузовская и еще 1 ",https://chelyabinsk.hh.ru/vacancy/82098818?from=vacancy_search_list&query=data+scientist,https://chelyabinsk.hh.ru
Аналитик-макроэкономист,400000,500000,₸,ТОО Alteco Partners,Алматы,https://chelyabinsk.hh.ru/vacancy/82185995?from=vacancy_search_list&query=data+scientist,https://chelyabinsk.hh.ru
Аналитик,,,,Сбер для экспертов,Москва,https://chelyabinsk.hh.ru/vacancy/80828825?from=vacancy_search_list&query=data+scientist,https://chelyabinsk.hh.ru
"Data engineer/Backend-разработчик (Middle, Data Team)",,,,Туту.ру,"Москва, Нагатинская",https://chelyabinsk.hh.ru/vacancy/80968450?from=vacancy_search_list&query=data+scientist,https://chelyabinsk.hh.ru
Ведущий портфельный риск-менеджер (Управление кредитных рисков МСБ),,,,Сбер. IT,Москва,https://chelyabinsk.hh.ru/vacancy/81032480?from=vacancy_search_list&query=data+scientist,https://chelyabinsk.hh.ru
Менеджер проектов продвинутой аналитики,,,,Сибур,"Москва, Профсоюзная",https://chelyabinsk.hh.ru/vacancy/80493452?from=vacancy_search_list&query=data+scientist,https://chelyabinsk.hh.ru
Системный аналитик в команду SafeData,,,,Сбер для экспертов,Москва,https://chelyabinsk.hh.ru/vacancy/82132775?from=vacancy_search_list&query=data+scientist,https://chelyabinsk.hh.ru
Младший аналитик,60000,,₽,ООО НТ Разработки,Москва,https://chelyabinsk.hh.ru/vacancy/82281897?from=vacancy_search_list&query=data+scientist,https://chelyabinsk.hh.ru
Fullstack Разработчик (PHP /.Net),500,700,€,Corporate Solutions Group,Ташкент,https://chelyabinsk.hh.ru/vacancy/83305086?from=vacancy_search_list&query=data+scientist,https://chelyabinsk.hh.ru
CV/ML Engineer,,,,ООО Синерик ЭйАй,Минск,https://chelyabinsk.hh.ru/vacancy/82196046?from=vacancy_search_list&query=data+scientist,https://chelyabinsk.hh.ru
Lead Data Scientist в R&D-команду логистики Маркета,400000,650000,₽,Яндекс,Армения,https://chelyabinsk.hh.ru/vacancy/83442003?from=vacancy_search_list&query=data+scientist,https://chelyabinsk.hh.ru
Lead Data Scientist в R&D-команду логистики Маркета,400000,650000,₽,Яндекс,Сербия,https://chelyabinsk.hh.ru/vacancy/83442001?from=vacancy_search_list&query=data+scientist,https://chelyabinsk.hh.ru
Data Scientist / ML Engineer (Middle+),180000,260000,₽,DIGINETICA,Казань,https://chelyabinsk.hh.ru/vacancy/81489622?from=vacancy_search_list&query=data+scientist,https://chelyabinsk.hh.ru
Lead Data Scientist в R&D-команду логистики Маркета,400000,650000,₽,Яндекс,Новосибирск,https://chelyabinsk.hh.ru/vacancy/83441999?from=vacancy_search_list&query=data+scientist,https://chelyabinsk.hh.ru
Lead Data Scientist в R&D-команду логистики Маркета,400000,650000,₽,Яндекс,Екатеринбург,https://chelyabinsk.hh.ru/vacancy/83441998?from=vacancy_search_list&query=data+scientist,https://chelyabinsk.hh.ru
Cпециалист по обработке и анализу данных для машинного обучения (Data Scientist),120000,,₽,ООО Исток Аудио Трейдинг,Фрязино,https://chelyabinsk.hh.ru/vacancy/83274294?from=vacancy_search_list&query=data+scientist,https://chelyabinsk.hh.ru
Cпециалист по обработке и анализу данных для машинного обучения (Data Scientist),120000,,₽,ООО Исток Аудио Трейдинг,Королев,https://chelyabinsk.hh.ru/vacancy/83274299?from=vacancy_search_list&query=data+scientist,https://chelyabinsk.hh.ru
